name;email;
Cesar 351;cesar351@celke.com.br;
Cesar 352;cesar352@celke.com.br;
Cesar 353;cesar353@celke.com.br;
Cesar 354;cesar354@celke.com.br;
Cesar 355;cesar355@celke.com.br;
Cesar 356;cesar356@celke.com.br;
Cesar 357;cesar357@celke.com.br;
Cesar 358;cesar358@celke.com.br;
Cesar 359;cesar359@celke.com.br;
Cesar 360;cesar360@celke.com.br;
Cesar 361;cesar361@celke.com.br;
Cesar 362;cesar362@celke.com.br;
Cesar 363;cesar363@celke.com.br;
Cesar 364;cesar364@celke.com.br;
Cesar 365;cesar365@celke.com.br;
Cesar 366;cesar366@celke.com.br;
Cesar 367;cesar367@celke.com.br;
Cesar 368;cesar368@celke.com.br;
Cesar 369;cesar369@celke.com.br;
Cesar 370;cesar370@celke.com.br;
Cesar 371;cesar371@celke.com.br;
Cesar 372;cesar372@celke.com.br;
Cesar 373;cesar373@celke.com.br;
Cesar 374;cesar374@celke.com.br;
Cesar 375;cesar375@celke.com.br;
Cesar 376;cesar376@celke.com.br;
Cesar 377;cesar377@celke.com.br;
Cesar 378;cesar378@celke.com.br;
Cesar 379;cesar379@celke.com.br;
Cesar 380;cesar380@celke.com.br;
Cesar 381;cesar381@celke.com.br;
Cesar 382;cesar382@celke.com.br;
Cesar 383;cesar383@celke.com.br;
Cesar 384;cesar384@celke.com.br;
Cesar 385;cesar385@celke.com.br;
Cesar 386;cesar386@celke.com.br;
Cesar 387;cesar387@celke.com.br;
Cesar 388;cesar388@celke.com.br;
Cesar 389;cesar389@celke.com.br;
Cesar 390;cesar390@celke.com.br;
Cesar 391;cesar391@celke.com.br;
Cesar 392;cesar392@celke.com.br;
Cesar 393;cesar393@celke.com.br;
Cesar 394;cesar394@celke.com.br;
Cesar 395;cesar395@celke.com.br;
Cesar 396;cesar396@celke.com.br;
Cesar 397;cesar397@celke.com.br;
Cesar 398;cesar398@celke.com.br;
Cesar 399;cesar399@celke.com.br;
Cesar 400;cesar400@celke.com.br;